Fairytale I - Growing Pains,Lost City,Nature Spirit
Sins of the Father,Vampyre Slayer,A Taste of Hope
My Arm's Big Adventure,Eadgar's Ruse,The Feud,Jungle Potion
Jungle Potion,Druidic Ritual
King's Ransom,Black Knights' Fortress,Holy Grail,Murder Mystery,One Small Favour
Making History,Priest in Peril,The Restless Ghost
Troll Stronghold,Death Plateau
Bone Voyage,The Dig Site
Witch's Potion
Recipe for Disaster,Recipe for Disaster/Defeating the Culinaromancer
Recipe for Disaster/Freeing Sir Amik Varze,Started:Legends' Quest,Recipe for Disaster/Another Cook's Quest
Creature of Fenkenstrain,Priest in Peril,The Restless Ghost
A Porcine of Interest
Rune Mysteries
Recipe for Disaster/Freeing King Awowogei,Monkey Madness I,Recipe for Disaster/Another Cook's Quest
Enakhra's Lament
Roving Elves,Regicide,Waterfall Quest
Death to the Dorgeshuun,The Lost Tribe
Enter the Abyss,Rune Mysteries
The Fremennik Trials
Recruitment Drive,Black Knights' Fortress,Druidic Ritual
Fairytale II - Cure a Queen,Fairytale I - Growing Pains
The Depths of Despair,Client of Kourend
Tower of Life
Ernest the Chicken
Dwarf Cannon
Doric's Quest
The Forsaken Tower,Client of Kourend
Fight Arena
Goblin Diplomacy
Tale of the Righteous,Client of Kourend
Cook's Assistant
Heroes' Quest,Dragon Slayer,Druidic Ritual,Lost City,Merlin's Crystal,Shield of Arrav
Mourning's End Part II,Mourning's End Part I
The Dig Site,Druidic Ritual
Observatory Quest
Imp Catcher
Between a Rock...,Dwarf Cannon,Fishing Contest
Ratcatchers,Icthlarin's Little Helper
Recipe for Disaster/Freeing the Mountain Dwarf,Fishing Contest,Recipe for Disaster/Another Cook's Quest
Temple of Ikov
Desert Treasure,The Dig Site,Temple of Ikov,The Tourist Trap,Troll Stronghold,Priest in Peril,Waterfall Quest
The Tourist Trap
Black Knights' Fortress
Tribal Totem
The Great Brain Robbery,Creature of Fenkenstrain,Cabin Fever,Recipe for Disaster/Freeing Pirate Pete
Big Chompy Bird Hunting
A Taste of Hope,Darkness of Hallowvale
Misthalin Mystery
Pirate's Treasure
Scorpion Catcher,Alfred Grimhand's Barcrawl
Olaf's Quest,The Fremennik Trials
Clock Tower
Throne of Miscellania,Heroes' Quest,The Fremennik Trials
Troll Romance,Troll Stronghold
The Knight's Sword
The Corsair Curse
Cabin Fever,Pirate's Treasure,Rum Deal
Cold War
The Grand Tree
Devious Minds,Doric's Quest,Enter the Abyss,Troll Stronghold,Wanted!
Dragon Slayer II,Legends' Quest,Dream Mentor,A Tail of Two Cats,Animal Magnetism,Ghosts Ahoy,Bone Voyage,Client of Kourend
Client of Kourend
Gertrude's Cat
The Feud
Shilo Village,Jungle Potion
Another Slice of H.A.M.,Death to the Dorgeshuun,The Giant Dwarf,The Dig Site,Druidic Ritual
Biohazard,Plague City
Family Crest
Hazeel Cult
Mountain Daughter
Death Plateau
Watchtower
Shadow of the Storm,Demon Slayer,The Golem
The Giant Dwarf
Haunted Mine,Priest in Peril
In Search of the Myreque,Nature Spirit
Zogre Flesh Eaters,Big Chompy Bird Hunting,Jungle Potion
The Golem
Monkey Madness II,Enlightened Journey,The Eyes of Glouphrie,Recipe for Disaster/Freeing King Awowogei,Troll Stronghold,Watchtower
The Fremennik Exiles,The Fremennik Isles,Lunar Diplomacy,Mountain Daughter,Heroes' Quest
Tai Bwo Wannai Trio,Jungle Potion
Eagles' Peak
Swan Song,One Small Favour,Garden of Tranquillity
Contact!,Prince Ali Rescue,Icthlarin's Little Helper
Recipe for Disaster/Freeing Skrach Uglogwee,Big Chompy Bird Hunting,Recipe for Disaster/Another Cook's Quest
Murder Mystery
Royal Trouble,Throne of Miscellania
Holy Grail,Merlin's Crystal
In Aid of the Myreque,In Search of the Myreque
Recipe for Disaster/Freeing the Goblin generals,Goblin Diplomacy,Recipe for Disaster/Another Cook's Quest
The Restless Ghost
Fishing Contest
The Eyes of Glouphrie,The Grand Tree
The Ascent of Arceuus,Client of Kourend
Elemental Workshop II,Elemental Workshop I
Dragon Slayer
Skippy and the Mogres
Waterfall Quest
Forgettable Tale...,The Giant Dwarf,Fishing Contest
Rag and Bone Man II,Rag and Bone Man,The Fremennik Trials,Horror from the Deep,Skippy and the Mogres,Started:Creature of Fenkenstrain,Started:Zogre Flesh Eaters
Enlightened Journey
One Small Favour,Shilo Village,Rune Mysteries
Darkness of Hallowvale,In Aid of the Myreque
Regicide,Underground Pass
X Marks the Spot
Legends' Quest,Family Crest,Heroes' Quest,Shilo Village,Underground Pass,Waterfall Quest
Witch's House
Recipe for Disaster/Defeating the Culinaromancer,Desert Treasure,Horror from the Deep,Recipe for Disaster/Freeing Evil Dave,Recipe for Disaster/Freeing King Awowogei,Recipe for Disaster/Freeing Pirate Pete,Recipe for Disaster/Freeing Sir Amik Varze,Recipe for Disaster/Freeing Skrach Uglogwee,Recipe for Disaster/Freeing the Goblin generals,Recipe for Disaster/Freeing the Lumbridge Guide,Recipe for Disaster/Freeing the Mountain Dwarf
Recipe for Disaster/Another Cook's Quest,Cook's Assistant
What Lies Below,Rune Mysteries
Alfred Grimhand's Barcrawl
Wanted!,Recruitment Drive,The Lost Tribe,Priest in Peril
Vampyre Slayer
Druidic Ritual
Underground Pass,Biohazard
Tree Gnome Village
Plague City
Tears of Guthix
A Soul's Bane
A Tail of Two Cats,Icthlarin's Little Helper
Romeo & Juliet
Spirits of the Elid
Recipe for Disaster/Freeing Evil Dave,Gertrude's Cat,Shadow of the Storm,Recipe for Disaster/Another Cook's Quest
Song of the Elves,Mourning's End Part II,Making History
Sea Slug
Shield of Arrav
Sheep Shearer
Mourning's End Part I,Roving Elves,Big Chompy Bird Hunting,Sheep Herder
Animal Magnetism,Ernest the Chicken,Priest in Peril,The Restless Ghost
Icthlarin's Little Helper,Gertrude's Cat
Sheep Herder
Shades of Mort'ton,Priest in Peril
The Slug Menace,Wanted!,Sea Slug
Rum Deal,Priest in Peril,Zogre Flesh Eaters
Eadgar's Ruse,Druidic Ritual,Troll Stronghold
Prince Ali Rescue
Recipe for Disaster/Freeing the Lumbridge Guide,Big Chompy Bird Hunting,Biohazard,Demon Slayer,Murder Mystery,Nature Spirit,Witch's House,Recipe for Disaster/Another Cook's Quest
Recipe for Disaster/Freeing Pirate Pete,Recipe for Disaster/Another Cook's Quest
Demon Slayer
Rag and Bone Man
Monkey Madness I,The Grand Tree,Tree Gnome Village
Priest in Peril
Nature Spirit,Priest in Peril,The Restless Ghost
The Queen of Thieves,Client of Kourend
Monk's Friend
Merlin's Crystal
Making Friends with My Arm,My Arm's Big Adventure,Swan Song,Cold War,Romeo & Juliet
Lunar Diplomacy,The Fremennik Trials,Lost City,Rune Mysteries,Shilo Village
The Lost Tribe,Goblin Diplomacy,Rune Mysteries
Lost City
Horror from the Deep,Alfred Grimhand's Barcrawl
Garden of Tranquillity,Creature of Fenkenstrain
The Hand in the Sand
Grim Tales,Witch's House
The Fremennik Isles,The Fremennik Trials
Elemental Workshop I
Ghosts Ahoy,The Restless Ghost,Priest in Peril
Getting Ahead
Dream Mentor,Lunar Diplomacy,Eadgar's Ruse